standard_concept	standard_category	qds_data_types	standard_concept_id	codesets	measures
Asthma	Diagnosis / Condition / Problem	["diagnosis active"]	["GROUPING", "ICD-10-CM", "ICD-9-CM", "SNOMED-CT"]	["A_c362", "A_c59", "A_c60", "A_c61"]	["0001", "0047", "0070", "0083"]
Asthma Daytime Symptoms	Symptom	["diagnosis active"]	["SNOMED-CT"]	["A_c440"]	["0001"]
Asthma Daytime Symptoms Quantified	Symptom	["symptom assessed"]	["SNOMED-CT"]	["A_c141"]	["0001"]
Asthma Nighttime Symptoms	Symptom	["symptom active"]	["SNOMED-CT"]	["A_c441"]	["0001"]
Asthma Nighttime Symptoms Quantified	Symptom	["symptom assessed"]	["SNOMED-CT"]	["A_c142"]	["0001"]
Asthma Symptom Assessment Tool	Risk category / assessment	["risk category / assessment"]	["SNOMED-CT"]	["A_c143"]	["0001"]
birthdate	Individual characteristic	["patient characteristic", "provider characteristic"]	["HL7"]	["A_c8", "N_c8", "Q_c8"]	["0001", "0002", "0004", "0013", "0018", "0024", "0027", "0028-a", "0028-b", "0031", "0032", "0033", "0034", "0036", "0038", "0041", "0043", "0047", "0052", "0055", "0056", "0061", "0062", "0064", "0067", "0068", "0070", "0073", "0074", "0075", "0081", "0083", "0084", "0086", "0088", "0089", "0105", "0385", "0387", "0421", "0575", "59.0"]
Encounter Office & Outpatient Consult	Encounter	["encounter"]	["CPT"]	["A_c99"]	["0001", "0047", "0086", "0088", "0089"]
Measurement enddate	Measure timing	["end: 12/31/yyyy 23:59:59 (prompt for year)"]	[""]	["A_c130"]	["0001", "0012", "0013", "0014", "0028-a", "0028-b", "0041", "0047", "0067", "0070", "0074", "0081", "0083", "0084", "0086", "0088", "0089", "0385", "0387", "0389"]
Measurement period	Measure timing	["start of timing window"]	[""]	["A_c131"]	["0001", "0012", "0013", "0014", "0028-a", "0028-b", "0041", "0047", "0067", "0070", "0074", "0081", "0083", "0084", "0086", "0088", "0089", "0385", "0387", "0389"]
Aminopenicillins	Medication	["medication active", "medication dispensed", "medication order"]	["RxNorm"]	["N_c374"]	["0002"]
Beta-Lactamase inhibitors	Medication	["medication active", "medication dispensed", "medication order"]	["RxNorm"]	["N_c376"]	["0002"]
encounter ambulatory including pediatrics	Encounter	["encounter"]	["GROUPING"]	["N_c524"]	["0002"]
encounter ED	Encounter	["encounter"]	["CPT"]	["N_c60"]	["0002", "0004", "0036", "0052", "0055", "0056", "0059", "0061", "0062", "0064", "0105", "0575"]
encounter outpatient	Encounter	["encounter"]	["CPT", "ICD-9-CM", "GROUPING"]	["N_c159", "N_c27", "N_c552"]	["0002", "0018", "0024", "0027", "0031", "0032", "0033", "0034", "0036", "0038", "0043", "0052", "0055", "0056", "0059", "0061", "0062", "0064", "0068", "0073", "0075", "0575"]
First generation cephalosporins	Medication	["medication active", "medication dispensed", "medication order"]	["RxNorm"]	["N_c284"]	["0002"]
Folate antagonist	Medication	["medication active", "medication dispensed", "medication order"]	["RxNorm"]	["N_c285"]	["0002"]
Group A Streptococcus Test	Laboratory test	["laboratory test performed"]	["CPT", "GROUPING", "LOINC", "SNOMED-CT"]	["N_c241", "N_c242", "N_c243", "N_c415"]	["0002"]
Lincomycin derivatives	Medication	["medication active", "medication dispensed", "medication order"]	["RxNorm"]	["N_c286"]	["0002"]
Macrolides	Medication	["medication active", "medication dispensed", "medication order"]	["RxNorm"]	["N_c287"]	["0002"]
measurement enddate	Measure timing	["end: 12/31/yyyy 23:59:59 (prompt for year)", "end: today m/d/yyyy 23:59:59"]	["", "(none)"]	["N_c1", "Q_c1"]	["0002", "0004", "0018", "0024", "0027", "0031", "0032", "0033", "0034", "0036", "0038", "0043", "0052", "0055", "0056", "0059", "0061", "0062", "0064", "0068", "0073", "0075", "0105", "0421", "0575"]
measurement period	Measure timing	["end: 12/31/yyyy 23:59:59 (prompt for year)", "start of timing window"]	["", "(none)"]	["N_c2", "Q_c2"]	["0002", "0004", "0018", "0024", "0027", "0031", "0032", "0033", "0034", "0036", "0038", "0043", "0052", "0055", "0056", "0059", "0061", "0062", "0064", "0068", "0073", "0075", "0105", "0421", "0575"]
Miscellaneous antibiotics	Medication	["medication active", "medication dispensed", "medication order"]	["RxNorm"]	["N_c288"]	["0002"]
Natural penicillins	Medication	["medication active", "medication dispensed", "medication order"]	["RxNorm"]	["N_c289"]	["0002"]
Penicillinase-resistant penicillins	Medication	["medication active", "medication dispensed", "medication order"]	["RxNorm"]	["N_c290"]	["0002"]
pharyngitis	Diagnosis / Condition / Problem	["diagnosis active"]	["GROUPING", "ICD-10-CM", "ICD-9-CM", "SNOMED-CT"]	["N_c411", "N_c521", "N_c522", "N_c523"]	["0002"]
pharyngitis antibiotics	Medication	["medication active", "medication dispensed", "medication order"]	["GROUPING"]	["N_c412"]	["0002"]
Quinolones	Medication	["medication active", "medication dispensed", "medication order"]	["RxNorm"]	["N_c291"]	["0002"]
Second generation cephalosporins	Medication	["medication active", "medication dispensed", "medication order"]	["RxNorm"]	["N_c292"]	["0002"]
Sulfonamides	Medication	["medication active", "medication dispensed", "medication order"]	["RxNorm"]	["N_c293"]	["0002"]
Tetracycline	Medication	["medication active", "medication dispensed", "medication order"]	["RxNorm"]	["N_c294"]	["0002"]
Third generation cephalosporins	Medication	["medication active", "medication dispensed", "medication order"]	["RxNorm"]	["N_c295"]	["0002"]
alcohol or drug dependence	Diagnosis / Condition / Problem	["diagnosis active"]	["GROUPING", "ICD-10-CM", "ICD-9-CM", "SNOMED-CT"]	["N_c600", "N_c606", "N_c607", "N_c608"]	["0004"]
Alcohol, drug rehab and detox interventions	Procedure	["procedure performed"]	["GROUPING", "ICD-9-CM", "SNOMED-CT"]	["N_c602", "N_c626", "N_c632"]	["0004"]
Detoxification interventions	Procedure	["procedure performed"]	["GROUPING", "ICD-9-CM", "SNOMED-CT"]	["N_c627", "N_c630", "N_c631"]	["0004"]
Encounter – Inpt/ED/non-acute inpatient/BH/Outpatient	Encounter	["encounter"]	["GROUPING"]	["added-N_c60-N_c28-N_c603-N_c604-N_c605-N_c26"]	["0004"]
encounter acute inpt	Encounter	["encounter"]	["CPT"]	["N_c26"]	["0004", "0036", "0055", "0056", "0059", "0061", "0062", "0064", "0068", "0073", "0075", "0105", "0575"]
encounter non-acute inpatient	Encounter	["encounter"]	["CPT"]	["N_c28"]	["0004", "0055", "0056", "0059", "0061", "0062", "0064", "0105", "0575"]
encounter outpatient BH	Encounter	["encounter"]	["CPT"]	["N_c603"]	["0004", "0105"]
encounter outpt BH req POS	Encounter	["encounter"]	["CPT"]	["N_c604"]	["0004", "0105"]
Encounter point of service modifier	Encounter	["encounter"]	["CPT"]	["N_c605"]	["0004", "0105"]
Delivery Live Births-Diagnosis	Diagnosis / Condition / Problem	["diagnosis active"]	["GROUPING", "ICD-10-CM", "ICD-9-CM", "SNOMED-CT"]	["A_c394", "A_c442", "A_c87", "A_c88"]	["0012", "0014"]
Delivery Live Births-Procedure	Procedure	["procedure performed"]	["CPT", "GROUPING", "SNOMED-CT"]	["A_c112", "A_c393", "A_c89"]	["0012", "0014"]
Estimated date of conception	Individual characteristic	["patient characteristic"]	["SNOMED-CT"]	["A_c517"]	["0012", "0014"]
HIV	Diagnosis / Condition / Problem	["diagnosis active", "diagnosis inactive"]	["GROUPING", "ICD-10-CM", "ICD-9-CM", "SNOMED-CT"]	["A_c462", "A_c463", "A_c464", "A_c465"]	["0012"]
HIV Screening	Laboratory test	["laboratory test performed"]	["CPT", "GROUPING", "LOINC", "SNOMED-CT"]	["A_c165", "A_c166", "A_c167", "A_c395"]	["0012"]
Medical reason	Negation Rationale	["communication not done", "laboratory test not done", "medication not done", "procedure not done"]	["HL7"]	["A_c313"]	["0012", "0014", "0041", "0067", "0070", "0074", "0081", "0083", "0084", "0086", "0088", "0089", "0385", "0387"]
Patient reason	Negation Rationale	["communication not done", "laboratory test not done", "medication not done", "procedure not done"]	["HL7"]	["A_c311"]	["0012", "0014", "0041", "0047", "0067", "0070", "0074", "0081", "0083", "0084", "0088", "0089", "0385", "0387"]
Prenatal Visit	Encounter	["encounter"]	["GROUPING", "ICD-10-CM", "ICD-9-CM", "SNOMED-CT"]	["A_c328", "A_c338", "A_c396", "A_c466"]	["0012", "0014"]
Diastolic Blood Pressure	Physical exam	["physical exam finding"]	["SNOMED-CT"]	["A_c138"]	["0013"]
Encounter Nursing Facility	Encounter	["encounter"]	["CPT"]	["A_c28"]	["0013", "0041", "0067", "0070", "0074", "0081", "0083", "0084", "0086", "0088", "0089"]
Encounter Outpatient	Encounter	["encounter"]	["CPT"]	["A_c26"]	["0013", "0041", "0067", "0070", "0074", "0081", "0083", "0084"]
Hypertension	Diagnosis / Condition / Problem	["diagnosis active"]	["GROUPING", "ICD-10-CM", "ICD-9-CM", "SNOMED-CT"]	["A_c388", "A_c69", "A_c70", "A_c71"]	["0013"]
Systolic Blood Pressure	Physical exam	["physical exam finding"]	["SNOMED-CT"]	["A_c137"]	["0013"]
Anti-D Immune Globulin	Medication	["medication administered"]	["RxNorm"]	["A_c161"]	["0014"]
Anti-D Immune Globulin Declined	Negation Rationale	["medication not done"]	["SNOMED-CT"]	["A_c479"]	["0014"]
D(Rh) Negative	Diagnosis / Condition / Problem	["diagnosis active"]	["GROUPING", "ICD-10-CM", "ICD-9-CM", "SNOMED-CT"]	["A_c159", "A_c536", "A_c537", "A_c538"]	["0014"]
Multigravida	Diagnosis / Condition / Problem	["diagnosis active"]	["SNOMED-CT"]	["A_c335"]	["0014"]
Primigravida	Diagnosis / Condition / Problem	["diagnosis active"]	["SNOMED-CT"]	["A_c334"]	["0014"]
Rh Status BABY	Laboratory test	["laboratory test result"]	["LOINC"]	["A_c337"]	["0014"]
Rh Status Mother	Laboratory test	["laboratory test result"]	["LOINC"]	["A_c336"]	["0014"]
System reason	Negation Rationale	["medication not done"]	["HL7"]	["A_c310"]	["0014", "0041", "0067", "0070", "0074", "0081", "0083", "0084", "0385", "0387"]
diastolic blood pressure	Physical exam	["physical exam finding"]	["SNOMED-CT"]	["N_c153"]	["0018", "0061", "0073"]
ESRD	Diagnosis / Condition / Problem	["diagnosis active", "procedure performed"]	["GROUPING", "ICD-10-CM", "ICD-9-CM", "SNOMED-CT"]	["N_c100", "N_c102", "N_c321", "N_c479"]	["0018"]
hypertension	Diagnosis / Condition / Problem	["diagnosis active"]	["GROUPING", "ICD-10-CM", "ICD-9-CM", "SNOMED-CT"]	["N_c190", "N_c478", "N_c92", "N_c95"]	["0018"]
pregnancy	Diagnosis / Condition / Problem	["diagnosis active"]	["GROUPING", "ICD-10-CM", "ICD-9-CM", "SNOMED-CT"]	["N_c124", "N_c125", "N_c204", "N_c451", "Q_c157", "Q_c158", "Q_c159", "Q_c160"]	["0018", "0024", "0421"]
Procedures indicative of ESRD	Procedure	["procedure performed"]	["CPT", "GROUPING", "HCPCS"]	["N_c480", "N_c97", "N_c99"]	["0018"]
systolic blood pressure	Physical exam	["physical exam finding"]	["SNOMED-CT"]	["N_c394"]	["0018", "0061", "0073"]
BMI percentile	Physical exam	["physical exam finding"]	["GROUPING", "ICD-10-CM", "ICD-9-CM", "SNOMED-CT"]	["N_c160", "N_c165", "N_c166", "N_c448"]	["0024"]
counseling for nutrition	Communication	["communication to patient"]	["CPT", "GROUPING", "HCPCS", "ICD-10-CM", "ICD-9-CM"]	["N_c161", "N_c162", "N_c163", "N_c164", "N_c449"]	["0024"]
counseling for physical activity	Communication	["communication to patient"]	["GROUPING", "HCPCS", "ICD-10-CM", "ICD-9-CM"]	["N_c167", "N_c168", "N_c169", "N_c450"]	["0024"]
encounter ob/gyn	Encounter	["encounter"]	["ICD-9-CM"]	["N_c417"]	["0024", "0032", "0038"]
encounter outpatient w/ PCP & obgyn	Encounter	["encounter"]	["GROUPING"]	["N_c442"]	["0024", "0038"]
encounter outpatient-children	Encounter	["encounter"]	["ICD-10-CM"]	["N_c205"]	["0024", "0038"]
Encounter pregnancy	Encounter	["encounter"]	["ICD-9-CM"]	["N_c543"]	["0024", "0033"]
Tobacco Use Cessation Counseling	Procedure	["communication to patient", "encounter", "procedure performed"]	["CPT", "SNOMED-CT", "GROUPING"]	["A_c424", "A_c425", "A_c509", "N_c127", "N_c42"]	["0027", "0028-b"]
Tobacco User	Individual characteristic	["patient characteristic", "physical exam finding"]	["SNOMED-CT"]	["A_c422", "N_c128"]	["0027", "0028-a", "0028-b"]
Encounter Health and Behavior Assessment	Encounter	["encounter"]	["CPT"]	["A_c105"]	["0028-a", "0028-b"]
Encounter Occupational Therapy	Encounter	["encounter"]	["CPT"]	["A_c102"]	["0028-a", "0028-b"]
Encounter Office Visit	Encounter	["encounter"]	["CPT"]	["A_c114"]	["0028-a", "0028-b", "0385", "0387"]
Encounter Prev Med Group Counseling	Encounter	["encounter"]	["CPT"]	["A_c107"]	["0028-a", "0028-b", "0041"]
Encounter Prev Med Other Services	Encounter	["encounter"]	["CPT"]	["A_c108"]	["0028-a", "0028-b", "0041"]
Encounter Prev Med Services 18 and Older	Encounter	["encounter"]	["CPT"]	["A_c104"]	["0028-a", "0028-b"]
Encounter Prev Med-Individual counseling	Encounter	["encounter"]	["CPT"]	["A_c106"]	["0028-a", "0028-b", "0041"]
Encounter Psychiatric & Psychologic	Encounter	["encounter"]	["CPT"]	["A_c103"]	["0028-a", "0028-b"]
Tobacco Non-User	Individual characteristic	["patient characteristic"]	["SNOMED-CT"]	["A_c511"]	["0028-a"]
Smoking Cessation Agents	Medication	["medication active", "medication order"]	["RxNorm"]	["A_c423"]	["0028-b"]
bilateral mastectomy modifier	Procedure	["procedure performed"]	["CPT-Mod"]	["N_c46"]	["0031"]
bilateral mastectomy	Procedure	["procedure performed"]	["ICD-9-CM", "SNOMED-CT", "GROUPING"]	["N_c443", "N_c77", "N_c83"]	["0031"]
breast cancer screening	Diagnostic study	["diagnostic study performed"]	["ICD-10-CM", "SNOMED-CT", "GROUPING", "CPT", "HCPCS", "ICD-9-CM"]	["N_c444", "N_c72", "N_c73", "N_c74", "N_c81", "N_c82"]	["0031"]
unilateral mastectomy CPT	Procedure	["procedure performed"]	["CPT"]	["N_c79"]	["0031"]
unilateral mastectomy	Procedure	["procedure performed"]	["ICD-9-CM", "SNOMED-CT", "GROUPING"]	["N_c445", "N_c80", "N_c85"]	["0031"]
hysterectomy	Procedure	["procedure performed"]	["CPT", "GROUPING", "ICD-10-CM", "ICD-9-CM", "SNOMED-CT"]	["N_c273", "N_c274", "N_c275", "N_c276", "N_c446"]	["0032"]
pap test	Laboratory test	["laboratory test result"]	["CPT", "GROUPING", "HCPCS", "ICD-10-CM", "ICD-9-CM", "LOINC", "SNOMED-CT"]	["N_c277", "N_c278", "N_c279", "N_c280", "N_c282", "N_c283", "N_c447"]	["0032"]
chlamydia screening	Laboratory test	["laboratory test performed", "laboratory test result"]	["CPT", "SNOMED-CT", "GROUPING", "LOINC"]	["N_c218", "N_c219", "N_c220", "N_c486"]	["0033"]
contraceptive use education	Communication	["communication to patient"]	["SNOMED-CT"]	["N_c528"]	["0033"]
contraceptives	Medication	["medication active", "medication dispensed", "medication order"]	["RxNorm"]	["N_c206"]	["0033"]
IUD use	Device	["device allergy", "device applied"]	["SNOMED-CT"]	["N_c312"]	["0033"]
Laboratory tests indicative of sexually active women	Laboratory test	["laboratory test performed"]	["LOINC", "CPT", "GROUPING"]	["N_c210", "N_c518", "N_c525"]	["0033"]
pregnancy test	Laboratory test	["laboratory test performed", "laboratory test result"]	["CPT", "LOINC", "GROUPING"]	["N_c212", "N_c214", "N_c526"]	["0033"]
procedures indicative of sexually active woman	Procedure	["procedure performed"]	["GROUPING", "HCPCS", "ICD-9-CM", "CPT"]	["N_c207", "N_c208", "N_c209", "N_c487"]	["0033"]
retinoid	Medication	["medication active", "medication dispensed", "medication order"]	["RxNorm"]	["N_c217"]	["0033"]
sexually active woman	Diagnosis / Condition / Problem	["diagnosis active"]	["ICD-9-CM", "ICD-10-CM", "SNOMED-CT", "GROUPING"]	["N_c416", "N_c580", "N_c581", "N_c591"]	["0033"]
X-ray Study	Diagnostic Study	["diagnostic study performed", "diagnostic study result"]	["GROUPING", "CPT", "SNOMED-CT"]	["N_c215", "N_c516", "N_c527"]	["0033"]
colonoscopy	Procedure	["procedure performed"]	["CPT", "GROUPING", "HCPCS", "ICD-10-CM", "ICD-9-CM", "SNOMED-CT"]	["N_c18", "N_c32", "N_c33", "N_c39", "N_c44", "N_c481"]	["0034"]
colorectal cancer	Diagnosis / Condition / Problem	["diagnosis active", "diagnosis inactive", "diagnosis resolved"]	["GROUPING", "HCPCS", "ICD-10-CM", "ICD-9-CM", "SNOMED-CT"]	["N_c20", "N_c34", "N_c43", "N_c482", "N_c520"]	["0034"]
flexible sigmoidoscopy	Procedure	["procedure performed"]	["CPT", "GROUPING", "HCPCS", "ICD-9-CM", "SNOMED-CT"]	["N_c29", "N_c30", "N_c31", "N_c38", "N_c483"]	["0034"]
FOBT	Laboratory test	["laboratory test performed"]	["CPT", "GROUPING", "HCPCS", "ICD-9-CM", "LOINC", "SNOMED-CT"]	["N_c13", "N_c14", "N_c15", "N_c16", "N_c17", "N_c484"]	["0034"]
total colectomy	Procedure	["procedure performed"]	["CPT", "GROUPING", "ICD-9-CM", "SNOMED-CT"]	["N_c21", "N_c36", "N_c37", "N_c485"]	["0034"]
acute respiratory failure	Diagnosis / Condition / Problem	["diagnosis active"]	["GROUPING", "SNOMED-CT", "ICD-10-CM", "ICD-9-CM"]	["N_c231", "N_c232", "N_c452", "N_c553"]	["0036"]
Antiasthmatic combinations	Medication	["medication active", "medication dispensed", "medication order"]	["RxNorm"]	["N_c296"]	["0036"]
Antibody inhibitor	Medication	["medication active", "medication dispensed", "medication order"]	["RxNorm"]	["N_c297"]	["0036"]
asthma	Diagnosis / Condition / Problem	["diagnosis active"]	["GROUPING", "ICD-10-CM", "ICD-9-CM", "SNOMED-CT"]	["N_c176", "N_c221", "N_c223", "N_c453"]	["0036"]
COPD	Diagnosis / Condition / Problem	["diagnosis active"]	["GROUPING", "SNOMED-CT", "ICD-10-CM", "ICD-9-CM"]	["N_c225", "N_c226", "N_c454", "N_c556"]	["0036"]
cystic fibrosis	Diagnosis / Condition / Problem	["diagnosis active"]	["GROUPING", "SNOMED-CT", "ICD-10-CM", "ICD-9-CM"]	["N_c229", "N_c230", "N_c455", "N_c559"]	["0036"]
emphysema	Diagnosis / Condition / Problem	["diagnosis active"]	["GROUPING", "SNOMED-CT", "ICD-10-CM", "ICD-9-CM"]	["N_c227", "N_c228", "N_c456", "N_c560"]	["0036"]
Inhaled corticosteroids	Medication	["medication active", "medication dispensed", "medication order"]	["RxNorm"]	["N_c299"]	["0036"]
Inhaled steroid combinations	Medication	["medication active", "medication dispensed", "medication order"]	["RxNorm"]	["N_c298"]	["0036"]
Leukotriene inhibitors	Medication	["medication active", "medication dispensed", "medication order"]	["RxNorm"]	["N_c300"]	["0036"]
Long acting inhaled beta 2 agonist	Medication	["medication active", "medication dispensed", "medication order"]	["RxNorm"]	["N_c301"]	["0036"]
Mast Cell stabilizer	Medication	["medication active", "medication dispensed", "medication order"]	["RxNorm"]	["N_c302"]	["0036"]
Methylxanthines	Medication	["medication active", "medication dispensed", "medication order"]	["RxNorm"]	["N_c303"]	["0036"]
Short acting beta 2 agonist	Medication	["medication active", "medication dispensed", "medication order"]	["RxNorm"]	["N_c304"]	["0036"]
Baker's Yeast	Medication	["medication allergy"]	["RxNorm"]	["N_c505"]	["0038"]
Baker's Yeast Substance	Substance	["substance allergy"]	["SNOMED-CT"]	["N_c1086"]	["0038"]
cancer of lymphoreticular or histiocytic tissue	Diagnosis / Condition / Problem	["diagnosis active", "diagnosis inactive"]	["ICD-10-CM", "ICD-9-CM", "SNOMED-CT", "GROUPING"]	["N_c252", "N_c340", "N_c491", "N_c596"]	["0038"]
Dtap Vaccination	Procedure	["procedure performed"]	["CPT", "CVX", "GROUPING"]	["N_c1040", "N_c1041", "N_c1071"]	["0038"]
Dtap Vaccine	Medication	["medication administered", "medication allergy"]	["RxNorm"]	["N_c406"]	["0038"]
encephalopathy	Diagnosis / Condition / Problem	["diagnosis active"]	["ICD-9-CM", "SNOMED-CT", "ICD-10-CM", "GROUPING"]	["N_c246", "N_c247", "N_c492", "N_c502"]	["0038"]
Hepatitis A Diagnosis	Diagnosis / Condition / Problem	["diagnosis resolved"]	["SNOMED-CT", "ICD-9-CM", "GROUPING", "ICD-10-CM"]	["N_c359", "N_c360", "N_c531", "N_c561"]	["0038"]
Hepatitis A Vaccination	Procedure	["procedure performed"]	["CVX", "CPT", "GROUPING"]	["N_c1042", "N_c1043", "N_c1072"]	["0038"]
Hepatitis A Vaccine	Medication	["medication administered", "medication allergy"]	["RxNorm"]	["N_c419"]	["0038"]
Hepatitis B Diagnosis	Diagnosis / Condition / Problem	["diagnosis active", "diagnosis resolved"]	["ICD-10-CM", "ICD-9-CM", "SNOMED-CT", "GROUPING"]	["N_c352", "N_c353", "N_c532", "N_c562"]	["0038"]
Hepatitis B Vaccination	Procedure	["procedure performed"]	["CVX", "GROUPING", "CPT"]	["N_c1044", "N_c1045", "N_c1073"]	["0038"]
Hepatitis B vaccine	Medication	["medication administered", "medication allergy"]	["RxNorm"]	["N_c418"]	["0038"]
HIB	Medication	["medication administered", "medication allergy"]	["RxNorm"]	["N_c409"]	["0038"]
Hib Vaccination	Procedure	["procedure performed"]	["CVX", "CPT"]	["N_c1046", "N_c1047"]	["0038"]
HiB Vaccination	Procedure	["procedure performed"]	["GROUPING"]	["N_c1074"]	["0038"]
HIV disease	Diagnosis / Condition / Problem	["diagnosis active"]	["GROUPING", "ICD-10-CM", "ICD-9-CM", "SNOMED-CT"]	["N_c250", "N_c251", "N_c338", "N_c490"]	["0038"]
immunodeficiency	Diagnosis / Condition / Problem	["diagnosis active"]	["ICD-10-CM", "GROUPING", "ICD-9-CM", "SNOMED-CT"]	["N_c248", "N_c249", "N_c493", "N_c563"]	["0038"]
Influenza Vaccination	Procedure	["procedure adverse event", "procedure intolerance", "procedure performed"]	["GROUPING", "CPT", "CVX"]	["A_c199", "A_c402", "A_c456", "N_c1048", "N_c1049", "N_c1075"]	["0038", "0041"]
influenza vaccine	Medication	["medication administered", "medication allergy"]	["RxNorm"]	["N_c423"]	["0038"]
IPV	Medication	["medication administered", "medication allergy"]	["RxNorm"]	["N_c407"]	["0038"]
IPV Vaccination	Procedure	["procedure performed"]	["CVX", "CPT", "GROUPING"]	["N_c1050", "N_c1051", "N_c1076"]	["0038"]
leukemia	Diagnosis / Condition / Problem	["diagnosis active"]	["SNOMED-CT", "ICD-9-CM", "GROUPING", "ICD-10-CM"]	["N_c255", "N_c256", "N_c341", "N_c494"]	["0038"]
Measles	Diagnosis / Condition / Problem	["diagnosis resolved"]	["ICD-10-CM", "ICD-9-CM", "SNOMED-CT", "GROUPING"]	["N_c508", "N_c568", "N_c569", "N_c595"]	["0038"]
Measles Vaccination	Procedure	["procedure performed"]	["CPT", "GROUPING", "CVX"]	["N_c1054", "N_c1055", "N_c1078"]	["0038"]
Measles vaccine	Medication	["medication administered", "medication allergy"]	["RxNorm"]	["N_c317"]	["0038"]
MMR Vaccination	Procedure	["procedure performed"]	["GROUPING", "CPT", "CVX"]	["N_c1056", "N_c1057", "N_c1079"]	["0038"]
MMR Vaccine	Medication	["medication administered", "medication allergy"]	["RxNorm"]	["N_c408"]	["0038"]
multiple myeloma	Diagnosis / Condition / Problem	["diagnosis active"]	["SNOMED-CT", "GROUPING", "ICD-10-CM", "ICD-9-CM"]	["N_c253", "N_c254", "N_c495", "N_c570"]	["0038"]
mumps	Diagnosis / Condition / Problem	["diagnosis resolved"]	["Grouping", "ICD-10-CM", "ICD-9-CM", "SNOMED-CT"]	["N_c272", "N_c571", "N_c572", "N_c598"]	["0038"]
Mumps Vaccination	Procedure	["procedure performed"]	["GROUPING", "CVX", "CPT"]	["N_c1058", "N_c1059", "N_c1080"]	["0038"]
mumps vaccine	Medication	["medication administered", "medication allergy"]	["RxNorm"]	["N_c530"]	["0038"]
Neomycin	Medication	["medication allergy"]	["RxNorm"]	["N_c510"]	["0038"]
Pneumococcal Vaccination	Procedure	["procedure performed"]	["GROUPING", "CPT"]	["N_c1061", "N_c1081"]	["0038"]
pneumococcal vaccination	Procedure	["procedure performed"]	["CVX", "CPT"]	["N_c1060", "N_c1061"]	["0038", "0043"]
pneumococcal vaccine	Medication	["medication administered", "medication allergy"]	["RxNorm"]	["N_c421"]	["0038", "0043"]
Polymyxin	Medication	["medication allergy"]	["RxNorm"]	["N_c511"]	["0038"]
progressive neurologic disorder	Diagnosis / Condition / Problem	["diagnosis active"]	["SNOMED-CT"]	["N_c336"]	["0038"]
Rotavirus  Vaccination	Procedure	["procedure performed"]	["CVX"]	["N_c1062"]	["0038"]
Rotavirus Vaccination	Procedure	["procedure performed"]	["GROUPING", "CPT"]	["N_c1063", "N_c1082"]	["0038"]
Rotavirus vaccine	Medication	["medication administered", "medication allergy"]	["RxNorm"]	["N_c314"]	["0038"]
Rubella	Diagnosis / Condition / Problem	["diagnosis resolved"]	["GROUPING", "ICD-10-CM", "ICD-9-CM", "SNOMED-CT"]	["N_c512", "N_c577", "N_c579", "N_c597"]	["0038"]
Rubella Vaccination	Procedure	["procedure performed"]	["CVX", "CPT", "GROUPING"]	["N_c1064", "N_c1065", "N_c1083"]	["0038"]
rubella vaccine	Medication	["medication administered", "medication allergy"]	["RxNorm"]	["N_c346"]	["0038"]
Streptomycin	Medication	["medication allergy"]	["RxNorm"]	["N_c513"]	["0038"]
VZV	Diagnosis / Condition / Problem	["diagnosis resolved"]	["ICD-9-CM", "GROUPING", "SNOMED-CT"]	["N_c514", "N_c583", "N_c585"]	["0038"]
VZV Vaccination	Procedure	["procedure performed"]	["CPT", "GROUPING", "CVX"]	["N_c1066", "N_c1067", "N_c1084"]	["0038"]
VZV vaccine	Medication	["medication administered", "medication allergy"]	["RxNorm"]	["N_c420"]	["0038"]
Allergy to eggs	Substance	["substance allergy"]	["GROUPING", "ICD-9-CM", "SNOMED-CT"]	["A_c206", "A_c208", "A_c510"]	["0041"]
Encounter Influenza	Encounter	["encounter"]	["GROUPING"]	["A_c457"]	["0041"]
Encounter Nursing Discharge	Encounter	["encounter"]	["CPT"]	["A_c454"]	["0041"]
Encounter Prev Med 40 and Older	Encounter	["encounter"]	["CPT"]	["A_c109"]	["0041"]
Influenza Vaccine	Medication	["medication administered", "medication adverse event", "medication allergy", "medication intolerance"]	["RxNorm"]	["A_c204"]	["0041"]
Influenza Vaccine Contraindicated	Negation Rationale	["medication not done"]	["SNOMED-CT"]	["A_c460"]	["0041"]
Influenza Vaccine Declined	Negation Rationale	["medication not done"]	["SNOMED-CT"]	["A_c461"]	["0041"]
pneumococcal vaccination ages 2 and older	Procedure	["procedure performed"]	["CPT"]	["N_c1068"]	["0043"]
pneumococcal vaccination ages 2 years and older	Procedure	["procedure performed"]	["CVX"]	["N_c1069"]	["0043"]
pneumococcal vaccination all ages	Procedure	["procedure performed"]	["GROUPING"]	["N_c1070"]	["0043"]
pneumococcal vaccine ages 2 and older	Medication	["medication administered"]	["RxNorm"]	["N_c1087"]	["0043"]
pneumococcal vaccine all ages	Medication	["medication administered"]	["GROUPING"]	["N_c1088"]	["0043"]
Asthma Persistent	Diagnosis / Condition / Problem	["diagnosis active"]	["GROUPING", "ICD-10-CM", "SNOMED-CT"]	["A_c100", "A_c101", "A_c363"]	["0047"]
Corticosteroid, Inhaled or Alternative Asthma Medication	Medication	["medication active", "medication adverse event", "medication allergy", "medication intolerance", "medication order"]	["RxNorm"]	["A_c144"]	["0047"]
patient reason	Negation Rationale	["medication not done"]	["GROUPING", "SNOMED-CT"]	["A_c317", "A_c364"]	["0047"]
cancer	Diagnosis / Condition / Problem	["diagnosis active"]	["GROUPING", "ICD-10-CM", "ICD-9-CM", "SNOMED-CT"]	["N_c324", "N_c555", "N_c557", "N_c589"]	["0052"]
Encounter ambulatory including orthopedics and chiropractics	Encounter	["encounter"]	["GROUPING"]	["N_c534"]	["0052"]
encounter outpatient including orthopedics and chiropractics	Encounter	["encounter"]	["CPT"]	["N_c533"]	["0052"]
Imaging Study-Spinal	Diagnostic study	["diagnostic study performed"]	["CPT", "GROUPING", "SNOMED-CT"]	["N_c329", "N_c330", "N_c457"]	["0052"]
IV drug abuse	Diagnosis / Condition / Problem	["diagnosis active"]	["GROUPING", "ICD-9-CM", "SNOMED-CT"]	["N_c327", "N_c565", "N_c566"]	["0052"]
low back pain	Diagnosis / Condition / Problem	["diagnosis active"]	["GROUPING", "ICD-10-CM", "ICD-9-CM", "SNOMED-CT"]	["N_c322", "N_c323", "N_c458", "N_c567"]	["0052"]
neurologic impairment	Diagnosis / Condition / Problem	["diagnosis active"]	["GROUPING", "ICD-10-CM", "ICD-9-CM", "SNOMED-CT"]	["N_c328", "N_c575", "N_c576", "N_c590"]	["0052"]
trauma	Diagnosis / Condition / Problem	["diagnosis active"]	["GROUPING", "ICD-10-CM", "ICD-9-CM", "SNOMED-CT"]	["N_c325", "N_c326", "N_c459", "N_c582"]	["0052"]
Alph-glucosidas inhibitors	Medication	["medication active", "medication dispensed", "medication order"]	["RxNorm"]	["N_c50"]	["0055", "0056", "0059", "0061", "0062", "0064", "0575"]
Amylin analogs	Medication	["medication active", "medication dispensed", "medication order"]	["RxNorm"]	["N_c51"]	["0055", "0056", "0059", "0061", "0062", "0064", "0575"]
Antidiabetic agents	Medication	["medication active", "medication dispensed", "medication order"]	["RxNorm"]	["N_c54"]	["0055", "0056", "0059", "0061", "0062", "0064", "0575"]
Antidiabetic-combinations	Medication	["medication active", "medication dispensed", "medication order"]	["RxNorm"]	["N_c305"]	["0055", "0056", "0059", "0061", "0062", "0064", "0575"]
Biguanides	Medication	["medication active", "medication dispensed", "medication order"]	["RxNorm"]	["N_c438"]	["0055", "0056", "0059", "0061", "0062", "0064", "0575"]
diabetes	Diagnosis / Condition / Problem	["diagnosis active"]	["GROUPING", "ICD-10-CM", "ICD-9-CM", "SNOMED-CT"]	["N_c469", "N_c47", "N_c48", "N_c49"]	["0055", "0056", "0059", "0061", "0062", "0064", "0575"]
Diabetic Retinopathy	Diagnosis / Condition / Problem	["diagnosis active"]	["ICD-10-CM", "SNOMED-CT", "ICD-9-CM", "GROUPING"]	["A_c327", "A_c76", "A_c78", "A_c80", "N_c306", "N_c545", "N_c546", "N_c547"]	["0055", "0088", "0089"]
Encounter acute inpatient or ED	Encounter	["encounter"]	["GROUPING"]	["N_c536"]	["0055", "0056", "0059", "0061", "0062", "0064", "0575"]
encounter non-acute inpatient, outpatient, or ophthalmology	Encounter	["encounter"]	["GROUPING"]	["N_c537"]	["0055", "0056", "0059", "0061", "0062", "0064", "0575"]
encounter outpatient - opthamological services	Encounter	["encounter"]	["CPT"]	["N_c155"]	["0055", "0056", "0059", "0061", "0062", "0064", "0575"]
eye exam	Procedure	["procedure performed"]	["CPT", "GROUPING", "HCPCS", "ICD-9-CM", "SNOMED-CT"]	["N_c307", "N_c308", "N_c309", "N_c393", "N_c477"]	["0055"]
gestational diabetes	Diagnosis / Condition / Problem	["diagnosis active"]	["GROUPING", "ICD-10-CM", "ICD-9-CM", "SNOMED-CT"]	["N_c470", "N_c66", "N_c67", "N_c70"]	["0055", "0056", "0059", "0061", "0062", "0064", "0575"]
Insulin	Medication	["medication active", "medication dispensed", "medication order"]	["RxNorm"]	["N_c52"]	["0055", "0056", "0059", "0061", "0062", "0064", "0575"]
Medications indicative of diabetes	Medication	["medication active", "medication dispensed", "medication order"]	["GROUPING"]	["N_c540"]	["0055", "0056", "0059", "0061", "0062", "0064", "0575"]
Meglitinides	Medication	["medication active", "medication dispensed", "medication order"]	["RxNorm"]	["N_c53"]	["0055", "0056", "0059", "0061", "0062", "0064", "0575"]
polycystic ovaries	Diagnosis / Condition / Problem	["diagnosis active"]	["GROUPING", "ICD-10-CM", "ICD-9-CM", "SNOMED-CT"]	["N_c472", "N_c62", "N_c63", "N_c69"]	["0055", "0056", "0059", "0061", "0062", "0064", "0575"]
steroid induced diabetes	Diagnosis / Condition / Problem	["diagnosis active"]	["GROUPING", "ICD-10-CM", "ICD-9-CM", "SNOMED-CT"]	["N_c473", "N_c64", "N_c65", "N_c68"]	["0055", "0056", "0059", "0061", "0062", "0064", "0575"]
Sulfonylureas	Medication	["medication active", "medication dispensed", "medication order"]	["RxNorm"]	["N_c55"]	["0055", "0056", "0059", "0061", "0062", "0064", "0575"]
Thiazolidinediones	Medication	["medication active", "medication dispensed", "medication order"]	["RxNorm"]	["N_c56"]	["0055", "0056", "0059", "0061", "0062", "0064", "0575"]
foot exam	Physical exam	["physical exam performed"]	["SNOMED-CT"]	["N_c311"]	["0056"]
HbA1c test	Laboratory test	["laboratory test performed", "laboratory test result"]	["CPT", "LOINC", "GROUPING", "SNOMED-CT"]	["N_c476", "N_c71", "N_c87", "N_c88"]	["0059", "0575"]
ACE inhibitors	Medication	["medication active", "medication dispensed", "medication order"]	["RxNorm"]	["N_c202"]	["0062"]
ACE Inhibitors/ARBs	Medication	["medication active", "medication dispensed", "medication order"]	["GROUPING"]	["N_c541"]	["0062"]
Angiotension II inhibitors	Medication	["medication active", "medication dispensed", "medication order"]	["RxNorm"]	["N_c203"]	["0062"]
Antihypertensive combinations	Medication	["medication active", "medication dispensed", "medication order"]	["RxNorm"]	["N_c504"]	["0062"]
nephropathy	Diagnosis / Condition / Problem	["diagnosis active"]	["GROUPING", "ICD-9-CM", "ICD-10-CM", "SNOMED-CT"]	["N_c548", "N_c549", "N_c573", "N_c574"]	["0062"]
nephropathy screening	Laboratory test	["laboratory test performed", "laboratory test result"]	["GROUPING", "CPT", "LOINC", "SNOMED-CT"]	["N_c192", "N_c193", "N_c194", "N_c471"]	["0062"]
nephropathy-related procedures	Procedure	["procedure performed"]	["GROUPING", "SNOMED-CT", "ICD-10-CM", "CPT", "HCPCS", "ICD-9-CM"]	["N_c197", "N_c198", "N_c199", "N_c474", "N_c637", "N_c638"]	["0062"]
urine macroalbumin	Laboratory test	["laboratory test performed"]	["GROUPING", "CPT", "LOINC", "SNOMED-CT"]	["N_c195", "N_c196", "N_c201", "N_c475"]	["0062"]
LDL	Laboratory test	["laboratory test performed", "laboratory test result"]	["CPT", "LOINC", "SNOMED-CT"]	["N_c156", "N_c157", "N_c158"]	["0064", "0075"]
LDL test	Laboratory test	["laboratory test performed", "laboratory test result"]	["GROUPING"]	["N_c466"]	["0064", "0075"]
Antiplatelet Therapy	Medication	["medication active", "medication adverse event", "medication allergy", "medication intolerance", "medication order"]	["RxNorm"]	["A_c132"]	["0067"]
Bleeding Coagulation Disorders	Diagnosis / Condition / Problem	["diagnosis active"]	["GROUPING", "ICD-10-CM", "ICD-9-CM", "SNOMED-CT"]	["A_c419", "A_c420", "A_c421", "A_c427"]	["0067"]
Cardiac Surgery	Procedure	["procedure performed"]	["CPT", "GROUPING", "SNOMED-CT"]	["A_c168", "A_c169", "A_c371"]	["0067", "0070", "0074"]
Coronary Artery Disease includes MI	Diagnosis / Condition / Problem	["diagnosis active"]	["GROUPING", "ICD-10-CM", "ICD-9-CM", "SNOMED-CT"]	["A_c122", "A_c123", "A_c124", "A_c365"]	["0067", "0074"]
Encounter Inpatient Discharge	Encounter	["encounter"]	["CPT"]	["A_c27"]	["0067", "0070", "0081"]
acute myocardial infarction	Diagnosis / Condition / Problem	["diagnosis active"]	["GROUPING", "ICD-9-CM", "ICD-10-CM", "SNOMED-CT"]	["N_c138", "N_c139", "N_c191", "N_c460"]	["0068", "0073", "0075"]
CABG	Procedure	["procedure performed"]	["GROUPING", "CPT", "HCPCS", "ICD-9-CM", "SNOMED-CT"]	["N_c140", "N_c141", "N_c142", "N_c143", "N_c461"]	["0068", "0073", "0075"]
Encounter acute inpt and outpt	Encounter	["encounter"]	["GROUPING"]	["N_c499"]	["0068", "0075"]
ischemic vascular disease	Diagnosis / Condition / Problem	["diagnosis active"]	["GROUPING", "ICD-9-CM", "ICD-10-CM", "SNOMED-CT"]	["N_c131", "N_c132", "N_c462", "N_c564"]	["0068", "0073", "0075"]
Oral anti-platelet therapy	Medication	["medication active", "medication dispensed", "medication order"]	["RxNorm"]	["N_c463"]	["0068", "0069"]
PTCA	Procedure	["procedure performed"]	["GROUPING", "CPT", "ICD-9-CM", "SNOMED-CT"]	["N_c145", "N_c146", "N_c147", "N_c464"]	["0068", "0073", "0075"]
Arrhythmia	Diagnosis / Condition / Problem	["diagnosis active"]	["GROUPING", "ICD-10-CM", "ICD-9-CM", "SNOMED-CT"]	["A_c176", "A_c181", "A_c186", "A_c366"]	["0070", "0083"]
Atresia and stenosis of aorta	Diagnosis / Condition / Problem	["diagnosis active"]	["GROUPING", "ICD-10-CM", "ICD-9-CM", "SNOMED-CT"]	["A_c413", "A_c414", "A_c48", "A_c519"]	["0070", "0081"]
Atrioventricular  Block	Diagnosis / Condition / Problem	["diagnosis active"]	["ICD-9-CM"]	["A_c177"]	["0070", "0083"]
Atrioventricular Block	Diagnosis / Condition / Problem	["diagnosis active"]	["GROUPING", "ICD-10-CM", "SNOMED-CT"]	["A_c187", "A_c264", "A_c367"]	["0070", "0083"]
Beta Blocker Therapy	Medication	["medication active", "medication adverse event", "medication allergy", "medication intolerance", "medication order"]	["RxNorm"]	["A_c133"]	["0070", "0083"]
Bradycardia	Diagnosis / Condition / Problem	["diagnosis active"]	["GROUPING", "ICD-10-CM", "ICD-9-CM", "SNOMED-CT"]	["A_c408", "A_c410", "A_c411", "A_c412"]	["0070", "0083"]
Cardiac Monitoring	Procedure	["procedure performed"]	["SNOMED-CT"]	["A_c267"]	["0070"]
Cardiac Pacer	Device	["device applied"]	["SNOMED-CT"]	["A_c303"]	["0070", "0083"]
Cardiac Pacer in Situ	Diagnosis / Condition / Problem	["diagnosis active"]	["GROUPING", "ICD-10-CM", "ICD-9-CM"]	["A_c178", "A_c183", "A_c368"]	["0070", "0083"]
Coronary Artery Disease No MI	Diagnosis / Condition / Problem	["diagnosis active"]	["GROUPING", "ICD-10-CM", "ICD-9-CM", "SNOMED-CT"]	["A_c120", "A_c369", "A_c56", "A_c57"]	["0070"]
Heart Rate	Physical exam	["physical exam finding"]	["SNOMED-CT"]	["A_c409"]	["0070", "0083"]
Hypotension	Diagnosis / Condition / Problem	["diagnosis active"]	["GROUPING", "ICD-10-CM", "ICD-9-CM", "SNOMED-CT"]	["A_c175", "A_c180", "A_c185", "A_c370"]	["0070", "0083"]
Myocardial Infarction	Diagnosis / Condition / Problem	["diagnosis resolved"]	["GROUPING", "ICD-10-CM", "ICD-9-CM", "SNOMED-CT"]	["A_c118", "A_c119", "A_c403", "A_c58"]	["0070"]
encounter acute inpt and outpt	Encounter	["encounter"]	["GROUPING"]	["N_c499"]	["0073"]
LDL Laboratory Test	Laboratory test	["laboratory test result"]	["LOINC"]	["A_c260"]	["0074"]
Lipid Lowering Therapy	Medication	["medication active", "medication adverse event", "medication allergy", "medication intolerance", "medication order"]	["RxNorm"]	["A_c134"]	["0074"]
High Density Lipoprotein (HDL)	Laboratory test	["laboratory test performed"]	["CPT", "GROUPING", "LOINC", "SNOMED-CT"]	["N_c183", "N_c184", "N_c185", "N_c465"]	["0075"]
Total Cholesterol	Laboratory test	["laboratory test performed"]	["CPT", "GROUPING", "LOINC", "SNOMED-CT"]	["N_c180", "N_c181", "N_c182", "N_c467"]	["0075"]
Triglycerides	Laboratory test	["laboratory test performed"]	["CPT", "GROUPING", "LOINC", "SNOMED-CT"]	["N_c186", "N_c187", "N_c188", "N_c468"]	["0075"]
ACE inhibitor or ARB	Medication	["medication active", "medication adverse event", "medication allergy", "medication intolerance", "medication order"]	["RxNorm"]	["A_c39"]	["0081"]
Acute renal failure	Diagnosis / Condition / Problem	["diagnosis active"]	["GROUPING", "ICD-10-CM", "ICD-9-CM", "SNOMED-CT"]	["A_c239", "A_c533", "A_c534", "A_c535"]	["0081"]
Atherosclerosis of Renal Artery	Diagnosis / Condition / Problem	["diagnosis active"]	["GROUPING", "ICD-10-CM", "ICD-9-CM", "SNOMED-CT"]	["A_c238", "A_c374", "A_c47", "A_c518"]	["0081"]
Chronic Kidney Disease with and without Hypertension	Diagnosis / Condition / Problem	["diagnosis active"]	["GROUPING", "ICD-10-CM", "ICD-9-CM", "SNOMED-CT"]	["A_c42", "A_c521", "A_c522", "A_c523"]	["0081"]
Deficiencies of circulating enzymes	Diagnosis / Condition / Problem	["diagnosis active"]	["GROUPING", "ICD-9-CM"]	["A_c375", "A_c44"]	["0081"]
Deficiencies of Circulating Enzymes	Diagnosis / Condition / Problem	["diagnosis active"]	["ICD-10-CM"]	["A_c240"]	["0081"]
Disease of aortic and mitral valves	Diagnosis / Condition / Problem	["diagnosis active"]	["GROUPING", "ICD-10-CM", "ICD-9-CM", "SNOMED-CT"]	["A_c41", "A_c525", "A_c527", "A_c528"]	["0081"]
Ejection Fraction	Diagnostic study	["diagnostic study result"]	["SNOMED-CT"]	["A_c29"]	["0081", "0083"]
Heart Failure	Diagnosis / Condition / Problem	["diagnosis active"]	["GROUPING", "ICD-10-CM", "ICD-9-CM", "SNOMED-CT"]	["A_c23", "A_c24", "A_c25", "A_c376"]	["0081", "0083", "0084"]
Hypertensive renal disease with renal failure	Diagnosis / Condition / Problem	["diagnosis active"]	["GROUPING", "ICD-10-CM", "ICD-9-CM", "SNOMED-CT"]	["A_c236", "A_c539", "A_c540", "A_c545"]	["0081"]
LVF ASSMT	Diagnostic study	["diagnostic study result"]	["CPT"]	["A_c31"]	["0081", "0083"]
Nonrheumatic mitral (valve) disease	Diagnosis / Condition / Problem	["diagnosis active"]	["GROUPING", "ICD-10-CM", "ICD-9-CM", "SNOMED-CT"]	["A_c237", "A_c541", "A_c543", "A_c544"]	["0081"]
Patient reason for ACE inhibitor or ARB decline	Negation Rationale	["medication not done"]	["SNOMED-CT"]	["A_c305"]	["0081"]
Pregnancy	Diagnosis / Condition / Problem	["diagnosis active"]	["GROUPING", "ICD-10-CM", "ICD-9-CM", "SNOMED-CT"]	["A_c242", "A_c243", "A_c378", "A_c532"]	["0081"]
Renal Failure and ESRD	Diagnosis / Condition / Problem	["diagnosis active"]	["GROUPING"]	["A_c46"]	["0081"]
Renal failure and ESRD	Diagnosis / Condition / Problem	["diagnosis active"]	["ICD-10-CM", "ICD-9-CM", "SNOMED-CT"]	["A_c529", "A_c530", "A_c531"]	["0081"]
Anemias and Bleeding Disorders	Diagnosis / Condition / Problem	["diagnosis active"]	["GROUPING", "ICD-10-CM", "ICD-9-CM", "SNOMED-CT"]	["A_c223", "A_c230", "A_c380", "A_c507"]	["0084"]
Atrial Fibrillation	Diagnosis / Condition / Problem	["diagnosis active"]	["GROUPING", "ICD-10-CM", "ICD-9-CM", "SNOMED-CT"]	["A_c115", "A_c116", "A_c117", "A_c381"]	["0084"]
Esophageal and GI Bleed	Diagnosis / Condition / Problem	["diagnosis active"]	["GROUPING", "ICD-10-CM", "ICD-9-CM", "SNOMED-CT"]	["A_c221", "A_c228", "A_c382", "A_c472"]	["0084"]
Hematuria	Diagnosis / Condition / Problem	["diagnosis active"]	["GROUPING", "ICD-10-CM", "ICD-9-CM", "SNOMED-CT"]	["A_c224", "A_c231", "A_c387", "A_c474"]	["0084"]
Hemoptysis	Diagnosis / Condition / Problem	["diagnosis active"]	["GROUPING", "ICD-10-CM", "ICD-9-CM", "SNOMED-CT"]	["A_c225", "A_c232", "A_c383", "A_c475"]	["0084"]
Hemorrhage	Diagnosis / Condition / Problem	["diagnosis active"]	["GROUPING", "ICD-10-CM", "ICD-9-CM", "SNOMED-CT"]	["A_c226", "A_c436", "A_c437", "A_c476"]	["0084"]
Intracranial Hemorrhage	Diagnosis / Condition / Problem	["diagnosis active"]	["GROUPING", "ICD-10-CM", "ICD-9-CM", "SNOMED-CT"]	["A_c217", "A_c227", "A_c384", "A_c473"]	["0084"]
Leukemias/Myeloproliferative Disorders	Diagnosis / Condition / Problem	["diagnosis active"]	["GROUPING", "ICD-10-CM", "ICD-9-CM", "SNOMED-CT"]	["A_c222", "A_c229", "A_c385", "A_c477"]	["0084"]
Liver Disorders	Diagnosis / Condition / Problem	["diagnosis active"]	["GROUPING", "ICD-10-CM", "ICD-9-CM", "SNOMED-CT"]	["A_c405", "A_c406", "A_c407", "A_c478"]	["0084"]
Warfarin Therapy	Medication	["medication active", "medication adverse event", "medication allergy", "medication intolerance", "medication order"]	["RxNorm"]	["A_c135"]	["0084"]
Encounter Domiciliary	Encounter	["encounter"]	["CPT"]	["A_c110"]	["0086", "0088", "0089"]
Encounter Ophthalmological Services	Encounter	["encounter"]	["CPT"]	["A_c111"]	["0086", "0088", "0089"]
Optic Nerve Head Evaluation	Procedure	["procedure performed"]	["SNOMED-CT"]	["A_c147"]	["0086"]
Primary Open Angle Glaucoma (POAG)	Diagnosis / Condition / Problem	["diagnosis active"]	["GROUPING", "ICD-10-CM", "ICD-9-CM", "SNOMED-CT"]	["A_c326", "A_c72", "A_c73", "A_c74"]	["0086"]
Level of Severity of Retinopathy Findings	Communication	["communication provider to provider", "physical exam finding"]	["SNOMED-CT"]	["A_c154", "A_c516"]	["0088", "0089"]
Macular Edema Findings	Communication	["communication provider to provider", "physical exam finding"]	["SNOMED-CT"]	["A_c155", "A_c515"]	["0088", "0089"]
Macular or Fundus Exam	Procedure	["procedure performed"]	["SNOMED-CT"]	["A_c152"]	["0088", "0089"]
Severity of Retinopathy and Macular Edema Findings	Communication	["communication provider to provider", "physical exam finding"]	["SNOMED-CT"]	["A_c153", "A_c514"]	["0088", "0089"]
Depression	Diagnosis / Condition / Problem	["diagnosis active"]	["GROUPING", "ICD-10-CM", "ICD-9-CM", "SNOMED-CT"]	["N_c609", "N_c610", "N_c611", "N_c612"]	["0105"]
Major Depression	Diagnosis / Condition / Problem	["diagnosis active"]	["GROUPING", "ICD-10-CM", "ICD-9-CM", "SNOMED-CT"]	["N_c613", "N_c614", "N_c615", "N_c616"]	["0105"]
Antidepressant Medications	Medication	["medication active", "medication dispensed", "medication order"]	["GROUPING"]	["N_c625"]	["0105"]
Miscellaneous antidepressants	Medication	["medication active", "medication dispensed", "medication order"]	["RxNorm"]	["N_c617"]	["0105"]
Phenylpiperazine antidepressants	Medication	["medication active", "medication dispensed", "medication order"]	["RxNorm"]	["N_c619"]	["0105"]
SSNRI antidepressants	Medication	["medication active", "medication dispensed", "medication order"]	["RxNorm"]	["N_c621"]	["0105"]
SSRI antidepressants	Medication	["medication active", "medication dispensed", "medication order"]	["RxNorm"]	["N_c622"]	["0105"]
Tetracyclic antidepressants	Medication	["medication active", "medication dispensed", "medication order"]	["RxNorm"]	["N_c623"]	["0105"]
Tricyclic antidepressants	Medication	["medication active", "medication dispensed", "medication order"]	["RxNorm"]	["N_c624"]	["0105"]
Monoamine Oxidase Inhibitors	Medication	["medication active", "medication dispensed", "medication order"]	["RxNorm"]	["N_c618"]	["0105"]
Psychotherapeutic combinations	Medication	["medication active", "medication dispensed", "medication order"]	["RxNorm"]	["N_c620"]	["0105"]
Patient Encounter – BH, BH req POS, Encounter point, non-acute inpatient, inpatient	Encounter	["encounter"]	["GROUPING"]	["added-N_c603-N_c604-N_c605-N_c28,-N_c26"]	["0105"]
Acute Renal Insufficiency	Diagnosis / Condition / Problem	["diagnosis active"]	["GROUPING", "ICD-10-CM", "ICD-9-CM", "SNOMED-CT"]	["A_c495", "A_c496", "A_c497", "A_c498"]	["0385"]
Chemotherapy for Colon Cancer	Medication	["medication administered", "medication adverse event", "medication allergy", "medication intolerance", "medication order"]	["RxNorm"]	["A_c293"]	["0385"]
Colon Cancer	Diagnosis / Condition / Problem	["diagnosis active"]	["GROUPING", "ICD-10-CM", "ICD-9-CM", "SNOMED-CT"]	["A_c316", "A_c344", "A_c345", "A_c391"]	["0385"]
Colon Cancer History	Diagnosis / Condition / Problem	["diagnosis inactive"]	["GROUPING", "ICD-10-CM", "ICD-9-CM", "SNOMED-CT"]	["A_c392", "A_c415", "A_c93", "A_c94"]	["0385"]
Colon Cancer Stage III	Procedure	["procedure result"]	["SNOMED-CT"]	["A_c292"]	["0385"]
ECOG Performance Status-Poor	Individual characteristic	["patient characteristic"]	["SNOMED-CT"]	["A_c508"]	["0385"]
Leukopenia	Diagnosis / Condition / Problem	["diagnosis active"]	["GROUPING", "ICD-10-CM", "ICD-9-CM", "SNOMED-CT"]	["A_c503", "A_c504", "A_c505", "A_c506"]	["0385"]
Metastatic Sites Common to Colon Cancer	Diagnosis / Condition / Problem	["diagnosis active"]	["GROUPING", "ICD-10-CM", "ICD-9-CM", "SNOMED-CT"]	["A_c487", "A_c488", "A_c489", "A_c490"]	["0385"]
Neutropenia	Diagnosis / Condition / Problem	["diagnosis active"]	["GROUPING", "ICD-9-CM"]	["A_c499", "A_c502"]	["0385"]
Bilateral Oophorectomy	Procedure	["procedure performed"]	["CPT", "GROUPING", "SNOMED-CT"]	["A_c469", "A_c470", "A_c471"]	["0387"]
Breast Cancer	Diagnosis / Condition / Problem	["diagnosis active"]	["GROUPING", "ICD-10-CM", "ICD-9-CM", "SNOMED-CT"]	["A_c389", "A_c96", "A_c97", "A_c98"]	["0387"]
Breast Cancer ER or PR Positive	Procedure	["procedure result"]	["SNOMED-CT"]	["A_c284"]	["0387"]
Breast Cancer History	Diagnosis / Condition / Problem	["diagnosis inactive"]	["GROUPING", "ICD-10-CM", "ICD-9-CM", "SNOMED-CT"]	["A_c278", "A_c279", "A_c390", "A_c416"]	["0387"]
Breast Cancer Stage IC-IIIC	Procedure	["procedure result"]	["SNOMED-CT"]	["A_c283"]	["0387"]
Chemotherapy	Procedure	["procedure performed"]	["CPT", "GROUPING", "SNOMED-CT"]	["A_c483", "A_c484", "A_c485"]	["0387"]
Gender	Individual characteristic	["patient characteristic"]	["HL7"]	["A_c290"]	["0387"]
Gonadotropin-releasing hormone analogue medication	Medication	["medication active"]	["RxNorm"]	["A_c467"]	["0387"]
Metastatic Sites Common to Breast Cancer	Diagnosis / Condition / Problem	["diagnosis active"]	["GROUPING", "ICD-10-CM", "ICD-9-CM", "SNOMED-CT"]	["A_c443", "A_c445", "A_c446", "A_c447"]	["0387"]
Radiation Therapy	Procedure	["procedure performed"]	["CPT", "GROUPING", "SNOMED-CT"]	["A_c480", "A_c481", "A_c482"]	["0387"]
Tamoxifen or Aromatase Inhibitor Therapy	Medication	["medication active", "medication adverse event", "medication allergy", "medication intolerance", "medication order"]	["RxNorm"]	["A_c285"]	["0387"]
AJCC Cancer Stage Low Risk Recurrence Prostate Cancer	Procedure	["procedure result"]	["SNOMED-CT"]	["A_c286"]	["0389"]
Bone Scan	Diagnostic study	["diagnostic study performed"]	["CPT", "GROUPING", "SNOMED-CT"]	["A_c271", "A_c272", "A_c320"]	["0389"]
Gleason Score	Laboratory test	["laboratory test result"]	["GROUPING", "LOINC", "SNOMED-CT"]	["A_c281", "A_c282", "A_c397"]	["0389"]
Gleason Score <= 6	Laboratory test	["laboratory test result"]	["SNOMED-CT"]	["A_c280"]	["0389"]
Pain Related to prostate cancer	Diagnosis / Condition / Problem	["diagnosis active"]	["GROUPING"]	["A_c451"]	["0389"]
Pain Related to Prostate Cancer	Diagnosis / Condition / Problem	["diagnosis active"]	["ICD-10-CM", "ICD-9-CM", "SNOMED-CT"]	["A_c325", "A_c449", "A_c450"]	["0389"]
Prostate Cancer	Diagnosis / Condition / Problem	["diagnosis active"]	["GROUPING", "ICD-10-CM", "ICD-9-CM", "SNOMED-CT"]	["A_c319", "A_c90", "A_c91", "A_c92"]	["0389"]
Prostate Cancer Treatment	Procedure	["procedure performed"]	["CPT", "GROUPING", "SNOMED-CT"]	["A_c113", "A_c213", "A_c398"]	["0389"]
Prostate Specific Antigen Test	Laboratory test	["laboratory test performed", "laboratory test result"]	["CPT", "GROUPING", "LOINC", "SNOMED-CT"]	["A_c214", "A_c215", "A_c400", "A_c401"]	["0389"]
Salvage Therapy	Procedure	["procedure performed"]	["CPT", "GROUPING", "SNOMED-CT"]	["A_c323", "A_c324", "A_c399"]	["0389"]
BMI	Physical exam	["physical exam finding"]	["LOINC", "SNOMED-CT", "GROUPING"]	["Q_c148", "Q_c69", "added-Q_c69-Q_c148"]	["(none", "0421"]
dietary consultation order	Communication	["communication provider to provider"]	["SNOMED-CT"]	["Q_c155"]	["0421"]
encounter_outpatient	Encounter	["encounter"]	["GROUPING"]	["Q_c150"]	["0421"]
encounter_outpatient_CPT_with clinician	Encounter	["encounter"]	["CPT"]	["Q_c67"]	["0421"]
follow-up plan_BMI management	Care goal	["care plan"]	["CPT", "GROUPING", "HCPCS", "ICD-9-CM", "SNOMED-CT"]	["Q_c152", "Q_c153", "Q_c154", "Q_c156", "Q_c70"]	["0421"]
medical reason - HL7	Negation rationale	["physical exam not done"]	["HL7"]	["Q_c145"]	["0421"]
patient reason - HL7	Negation rationale	["physical exam not done"]	["HL7"]	["Q_c146"]	["0421"]
system reason - HL7	Negation rationale	["physical exam not done"]	["HL7"]	["Q_c147"]	["0421"]
Terminal Illness	Individual characteristic	["patient characteristic"]	["SNOMED-CT"]	["Q_c139"]	["0421"]
Physical Exam Not Done	Physical exam	["physical exam not done"]	["GROUPING"]	["added-Q_c147-Q_c146-Q_c145"]	["(none"]
